repository_language,type,active_repos_by_url,events,year,quarter
JavaScript,PushEvent,323938,3461415,2014,4
Emacs Lisp,PushEvent,9978,72324,2014,4
Scala,PushEvent,10853,116911,2014,4
Python,WatchEvent,49868,285045,2014,4
CSS,PushEvent,164585,1810013,2014,4
PHP,WatchEvent,35499,168816,2014,4
C#,PushEvent,56062,558332,2014,4
Objective-C,WatchEvent,18077,202462,2014,4
Ruby,PushEvent,132848,1106259,2014,4
PHP,PushEvent,138771,1391467,2014,4
C++,PushEvent,86505,1013761,2014,4
JavaScript,ForkEvent,65162,252012,2014,4
JavaScript,WatchEvent,92905,897401,2014,4
Objective-C,ForkEvent,12272,47817,2014,4
Java,PushEvent,222852,2323315,2014,4
C,PushEvent,73075,804339,2014,4
Shell,PushEvent,65670,592046,2014,4
Python,PushEvent,164852,1654226,2014,4
Shell,WatchEvent,15192,77166,2014,4
Java,ForkEvent,46140,160578,2014,4
Ruby,IssuesEvent,11998,62025,2014,4
R,PushEvent,34268,163807,2014,4
CoffeeScript,PushEvent,14302,111910,2014,4
Objective-C,PushEvent,36568,249427,2014,4
F#,PushEvent,1214,12639,2014,4
Ruby,ForkEvent,24508,70033,2014,4
VimL,PushEvent,22450,131261,2014,4
CoffeeScript,WatchEvent,5056,39245,2014,4
Java,WatchEvent,49249,307325,2014,4
JavaScript,IssuesEvent,36313,221406,2014,4
Scala,IssuesEvent,1209,8321,2014,4
Go,PushEvent,22264,196130,2014,4
CSS,WatchEvent,18997,177157,2014,4
Lua,PushEvent,8123,80183,2014,4
C++,IssuesEvent,6384,72690,2014,4
Clojure,PushEvent,6840,50208,2014,4
Perl,PushEvent,16188,124818,2014,4
C,WatchEvent,24179,149903,2014,4
Groovy,PushEvent,5041,37849,2014,4
Python,ForkEvent,36874,105965,2014,4
Go,WatchEvent,9756,124950,2014,4
C++,ForkEvent,18903,57173,2014,4
C++,WatchEvent,22093,127370,2014,4
Visual Basic,PushEvent,2634,19058,2014,4
Go,ForkEvent,5177,19051,2014,4
Processing,PushEvent,2368,16521,2014,4
Python,IssuesEvent,16629,105104,2014,4
PHP,ForkEvent,28760,79882,2014,4
Swift,PushEvent,11138,64575,2014,4
Shell,ForkEvent,11655,31517,2014,4
C#,ForkEvent,11510,34976,2014,4
Perl,WatchEvent,3640,11763,2014,4
Ruby,WatchEvent,30485,180468,2014,4
C,ForkEvent,20144,64728,2014,4
Puppet,PushEvent,4576,34578,2014,4
Java,IssuesEvent,16489,109973,2014,4
Arduino,ForkEvent,897,1787,2014,4
Rust,PushEvent,4383,50757,2014,4
Puppet,WatchEvent,917,1922,2014,4
PHP,IssuesEvent,14042,82445,2014,4
CoffeeScript,IssuesEvent,2365,12408,2014,4
PureScript,PushEvent,250,1709,2014,4
Makefile,PushEvent,5251,30492,2014,4
Elixir,PushEvent,1210,8383,2014,4
CSS,ForkEvent,16223,79721,2014,4
C#,WatchEvent,13800,65949,2014,4
C,IssuesEvent,5746,35881,2014,4
SQF,PushEvent,598,13358,2014,4
C#,IssuesEvent,4980,33995,2014,4
FORTRAN,PushEvent,1186,12264,2014,4
XSLT,ForkEvent,368,1404,2014,4
Makefile,ForkEvent,573,1531,2014,4
Rust,WatchEvent,1183,13443,2014,4
NetLogo,PushEvent,88,1189,2014,4
Scala,WatchEvent,3607,25646,2014,4
Assembly,WatchEvent,592,2257,2014,4
Arduino,PushEvent,5307,25115,2014,4
Objective-C++,WatchEvent,187,1942,2014,4
TeX,WatchEvent,1739,7243,2014,4
TeX,ForkEvent,1474,3706,2014,4
Matlab,PushEvent,6052,54533,2014,4
Haskell,PushEvent,8789,75858,2014,4
Erlang,PushEvent,2961,26327,2014,4
Matlab,IssuesEvent,257,1591,2014,4
Go,IssuesEvent,2425,15079,2014,4
TeX,PushEvent,13329,156070,2014,4
Tcl,PushEvent,562,22405,2014,4
Objective-J,PushEvent,78,899,2014,4
Swift,WatchEvent,2609,43215,2014,4
Erlang,IssuesEvent,341,1397,2014,4
ASP,PushEvent,1862,17905,2014,4
Shell,IssuesEvent,4555,16323,2014,4
Haxe,WatchEvent,589,2875,2014,4
Objective-C,IssuesEvent,3703,17913,2014,4
OCaml,PushEvent,1778,21595,2014,4
ATS,PushEvent,16,755,2014,4
Haskell,WatchEvent,2689,11350,2014,4
Clojure,WatchEvent,3155,22227,2014,4
CSS,IssuesEvent,8745,45808,2014,4
ActionScript,PushEvent,1957,16340,2014,4
Matlab,ForkEvent,1059,2129,2014,4
Elixir,WatchEvent,475,3526,2014,4
Matlab,WatchEvent,1103,2734,2014,4
R,ForkEvent,2703,17437,2014,4
Haskell,ForkEvent,1451,3001,2014,4
XSLT,PushEvent,2217,21096,2014,4
R,WatchEvent,2646,8362,2014,4
ActionScript,WatchEvent,966,2995,2014,4
Common Lisp,PushEvent,1483,12494,2014,4
Cuda,WatchEvent,74,378,2014,4
Scala,ForkEvent,2387,8350,2014,4
Scheme,WatchEvent,522,1376,2014,4
DM,PushEvent,394,10534,2014,4
CoffeeScript,ForkEvent,3311,11133,2014,4
AGS Script,ForkEvent,67,405,2014,4
Mathematica,PushEvent,567,18640,2014,4
ActionScript,ForkEvent,737,1619,2014,4
AGS Script,PushEvent,546,5769,2014,4
VimL,WatchEvent,3760,30076,2014,4
Visual Basic,WatchEvent,403,1537,2014,4
Julia,PushEvent,1433,15264,2014,4
Perl6,PushEvent,275,2192,2014,4
Propeller Spin,PushEvent,49,1211,2014,4
Objective-C,CreateEvent,142,143,2014,4
Mercury,PushEvent,185,1410,2014,4
Swift,ForkEvent,1496,6499,2014,4
Stata,WatchEvent,48,910,2014,4
Pure Data,PushEvent,181,965,2014,4
Assembly,PushEvent,2264,22830,2014,4
Haskell,IssuesEvent,1083,4684,2014,4
Perl,ForkEvent,3186,6781,2014,4
Dart,ForkEvent,317,714,2014,4
Dart,WatchEvent,537,2094,2014,4
PAWN,PushEvent,89,822,2014,4
OCaml,ForkEvent,342,854,2014,4
F#,WatchEvent,439,2116,2014,4
Cuda,PushEvent,502,4414,2014,4
PowerShell,PushEvent,3253,22419,2014,4
Elm,PushEvent,265,2258,2014,4
CLIPS,PushEvent,50,343,2014,4
Haxe,PushEvent,1134,11397,2014,4
Scheme,PushEvent,1667,14000,2014,4
Lua,WatchEvent,2517,8953,2014,4
PureScript,WatchEvent,109,419,2014,4
VimL,ForkEvent,2015,6699,2014,4
Dart,PushEvent,1636,14840,2014,4
Objective-C++,PushEvent,559,3896,2014,4
Standard ML,PushEvent,327,3370,2014,4
Pascal,IssuesEvent,98,455,2014,4
Lua,ForkEvent,1960,5127,2014,4
JavaScript,CreateEvent,756,774,2014,4
R,IssuesEvent,1226,6072,2014,4
Eiffel,PushEvent,84,1537,2014,4
Emacs Lisp,WatchEvent,2290,13301,2014,4
Xtend,PushEvent,107,1473,2014,4
Gnuplot,ForkEvent,9,21,2014,4
Groovy,ForkEvent,1096,2573,2014,4
Stata,ForkEvent,23,470,2014,4
Emacs Lisp,ForkEvent,1056,2928,2014,4
PowerShell,WatchEvent,602,3166,2014,4
D,PushEvent,1749,15654,2014,4
Prolog,PushEvent,1160,8852,2014,4
Bison,WatchEvent,14,3021,2014,4
TypeScript,PushEvent,2256,34619,2014,4
VimL,IssuesEvent,883,3408,2014,4
Smalltalk,PushEvent,191,1971,2014,4
Makefile,WatchEvent,375,1136,2014,4
Coq,PushEvent,233,3130,2014,4
Rust,ForkEvent,784,3279,2014,4
Common Lisp,IssuesEvent,192,698,2014,4
Perl,IssuesEvent,1563,5948,2014,4
Arc,WatchEvent,15,77,2014,4
Agda,PushEvent,113,946,2014,4
Ada,PushEvent,135,1255,2014,4
Haxe,IssuesEvent,206,1251,2014,4
VHDL,PushEvent,630,7813,2014,4
Verilog,PushEvent,693,7237,2014,4
Assembly,ForkEvent,359,940,2014,4
SuperCollider,PushEvent,291,1089,2014,4
AGS Script,WatchEvent,78,904,2014,4
OCaml,WatchEvent,796,6164,2014,4
Awk,PushEvent,138,805,2014,4
Game Maker Language,PushEvent,232,2850,2014,4
Groovy,WatchEvent,1259,5251,2014,4
M,PushEvent,362,1562,2014,4
Arduino,WatchEvent,1188,2758,2014,4
Emacs Lisp,IssuesEvent,702,3336,2014,4
AppleScript,PushEvent,250,1399,2014,4
OpenEdge ABL,PushEvent,263,3837,2014,4
SourcePawn,IssuesEvent,33,391,2014,4
Rust,IssuesEvent,473,4688,2014,4
Clojure,IssuesEvent,775,3764,2014,4
PowerShell,ForkEvent,459,1319,2014,4
IDL,PushEvent,339,2604,2014,4
Idris,PushEvent,70,469,2014,4
D,WatchEvent,570,1589,2014,4
LiveScript,WatchEvent,106,459,2014,4
ASP,IssuesEvent,65,584,2014,4
Processing,WatchEvent,443,1425,2014,4
AutoHotkey,PushEvent,388,2889,2014,4
PowerShell,IssuesEvent,228,1041,2014,4
Kotlin,PushEvent,439,2684,2014,4
Pascal,PushEvent,1270,13959,2014,4
nesC,PushEvent,115,1397,2014,4
Racket,PushEvent,863,7535,2014,4
Standard ML,WatchEvent,90,287,2014,4
Vala,WatchEvent,140,892,2014,4
GAP,PushEvent,89,1298,2014,4
GDScript,PushEvent,21,391,2014,4
Erlang,WatchEvent,1575,6627,2014,4
SourcePawn,PushEvent,265,3153,2014,4
Nix,PushEvent,323,7738,2014,4
Lua,IssuesEvent,867,5641,2014,4
TypeScript,IssuesEvent,276,3371,2014,4
Pike,PushEvent,13,436,2014,4
OpenEdge ABL,WatchEvent,58,163,2014,4
SQL,PushEvent,82,2493,2014,4
SystemVerilog,PushEvent,110,1790,2014,4
ColdFusion,PushEvent,352,3627,2014,4
Groovy,IssuesEvent,618,3188,2014,4
SQF,IssuesEvent,88,1047,2014,4
DM,IssuesEvent,33,1594,2014,4
Verilog,WatchEvent,203,431,2014,4
Erlang,ForkEvent,1108,2539,2014,4
Common Lisp,WatchEvent,742,2874,2014,4
Swift,IssuesEvent,820,3266,2014,4
Clojure,ForkEvent,1329,3911,2014,4
Max,PushEvent,245,1974,2014,4
Perl6,WatchEvent,60,98,2014,4
Chapel,PushEvent,26,435,2014,4
LiveScript,PushEvent,268,2135,2014,4
Coq,WatchEvent,77,236,2014,4
Julia,WatchEvent,546,2556,2014,4
Shen,WatchEvent,5,10,2014,4
Stata,PushEvent,199,1557,2014,4
Julia,IssuesEvent,302,1780,2014,4
MoonScript,IssuesEvent,7,60,2014,4
Visual Basic,ForkEvent,289,850,2014,4
Common Lisp,ForkEvent,313,542,2014,4
EmberScript,PushEvent,17,130,2014,4
OpenSCAD,PushEvent,547,3145,2014,4
Java,CreateEvent,446,450,2014,4
FORTRAN,WatchEvent,213,410,2014,4
F#,IssuesEvent,145,1343,2014,4
Slash,ForkEvent,8,43,2014,4
DM,ForkEvent,74,704,2014,4
Lasso,ForkEvent,15,24,2014,4
ColdFusion,WatchEvent,131,203,2014,4
SQF,WatchEvent,135,305,2014,4
TypeScript,ForkEvent,603,2360,2014,4
Logtalk,PushEvent,1,349,2014,4
ABAP,PushEvent,27,196,2014,4
Apex,PushEvent,361,2868,2014,4
Smalltalk,IssuesEvent,30,161,2014,4
Haxe,ForkEvent,290,744,2014,4
OCaml,IssuesEvent,289,1887,2014,4
Arduino,IssuesEvent,228,560,2014,4
Julia,ForkEvent,310,881,2014,4
Vala,IssuesEvent,54,370,2014,4
VHDL,WatchEvent,138,255,2014,4
Logos,PushEvent,399,2787,2014,4
R,CreateEvent,181,182,2014,4
Racket,ForkEvent,146,225,2014,4
MoonScript,PushEvent,53,600,2014,4
Gosu,IssuesEvent,42,399,2014,4
Ceylon,PushEvent,50,556,2014,4
UnrealScript,PushEvent,37,292,2014,4
Elm,IssuesEvent,24,124,2014,4
F#,ForkEvent,220,660,2014,4
Mathematica,IssuesEvent,32,121,2014,4
Kotlin,WatchEvent,76,667,2014,4
Pascal,WatchEvent,319,783,2014,4
Factor,IssuesEvent,2,92,2014,4
Forth,PushEvent,75,637,2014,4
FORTRAN,ForkEvent,210,363,2014,4
Rebol,PushEvent,76,382,2014,4
TeX,IssuesEvent,723,4369,2014,4
TypeScript,WatchEvent,698,4846,2014,4
VCL,PushEvent,84,485,2014,4
Prolog,WatchEvent,229,831,2014,4
Gosu,PushEvent,136,1116,2014,4
XSLT,IssuesEvent,230,1566,2014,4
Pascal,ForkEvent,238,452,2014,4
Verilog,IssuesEvent,27,71,2014,4
BlitzBasic,PushEvent,273,3332,2014,4
Frege,PushEvent,36,469,2014,4
SQL,WatchEvent,41,176,2014,4
Factor,PushEvent,25,738,2014,4
Pure Data,WatchEvent,68,113,2014,4
Elixir,IssuesEvent,142,730,2014,4
XSLT,WatchEvent,392,1616,2014,4
C#,CreateEvent,40,41,2014,4
Elm,WatchEvent,96,390,2014,4
LabVIEW,PushEvent,214,1406,2014,4
NetLogo,ForkEvent,7,9,2014,4
Max,WatchEvent,100,213,2014,4
D,ForkEvent,342,690,2014,4
Gosu,WatchEvent,72,335,2014,4
AutoHotkey,ForkEvent,115,176,2014,4
Gnuplot,PushEvent,105,1437,2014,4
Nimrod,PushEvent,178,1073,2014,4
Bison,PushEvent,126,786,2014,4
XQuery,PushEvent,176,1886,2014,4
Red,WatchEvent,9,82,2014,4
Processing,IssuesEvent,84,277,2014,4
LiveScript,ForkEvent,53,115,2014,4
LSL,IssuesEvent,3,27,2014,4
HaXe,WatchEvent,66,83,2014,4
Makefile,IssuesEvent,167,722,2014,4
Puppet,IssuesEvent,398,1138,2014,4
Perl,CreateEvent,30,101,2014,4
SAS,PushEvent,110,878,2014,4
C++,CreateEvent,149,151,2014,4
nesC,WatchEvent,33,139,2014,4
M,ForkEvent,36,55,2014,4
Red,PushEvent,18,213,2014,4
Arc,PushEvent,18,216,2014,4
Crystal,PushEvent,32,470,2014,4
Fantom,PushEvent,9,270,2014,4
Gnuplot,WatchEvent,13,39,2014,4
wisp,PushEvent,1,2,2014,4
Zephir,PushEvent,15,224,2014,4
Vala,PushEvent,302,3695,2014,4
Objective-C++,ForkEvent,128,452,2014,4
Io,PushEvent,88,345,2014,4
Puppet,ForkEvent,1114,2393,2014,4
Nix,ForkEvent,24,183,2014,4
Nix,WatchEvent,39,299,2014,4
Perl6,ForkEvent,40,68,2014,4
Crystal,WatchEvent,16,366,2014,4
Cuda,IssuesEvent,28,107,2014,4
Verilog,ForkEvent,168,293,2014,4
Inform 7,PushEvent,73,995,2014,4
ActionScript,IssuesEvent,177,1455,2014,4
FORTRAN,IssuesEvent,89,368,2014,4
Component Pascal,PushEvent,37,521,2014,4
AspectJ,PushEvent,79,415,2014,4
Lasso,WatchEvent,13,19,2014,4
IDL,WatchEvent,78,744,2014,4
Thrift,PushEvent,13,59,2014,4
Bison,ForkEvent,7,186,2014,4
IDL,ForkEvent,80,233,2014,4
AspectJ,IssuesEvent,5,42,2014,4
Hack,PushEvent,57,569,2014,4
LookML,PushEvent,22,281,2014,4
Mercury,IssuesEvent,14,62,2014,4
AppleScript,WatchEvent,270,815,2014,4
Prolog,ForkEvent,141,260,2014,4
SourcePawn,ForkEvent,69,163,2014,4
Pan,PushEvent,25,195,2014,4
wisp,WatchEvent,5,103,2014,4
ABAP,IssuesEvent,3,63,2014,4
Pan,ForkEvent,7,15,2014,4
ANTLR,PushEvent,60,242,2014,4
OpenSCAD,ForkEvent,61,107,2014,4
Scheme,ForkEvent,379,937,2014,4
SQF,ForkEvent,115,396,2014,4
RobotFramework,PushEvent,14,66,2014,4
Oz,PushEvent,15,179,2014,4
Racket,WatchEvent,256,809,2014,4
Mathematica,WatchEvent,60,131,2014,4
Processing,ForkEvent,319,981,2014,4
Delphi,WatchEvent,49,68,2014,4
ASP,WatchEvent,143,214,2014,4
BlitzBasic,IssuesEvent,18,36,2014,4
BlitzBasic,ForkEvent,77,175,2014,4
PHP,CreateEvent,154,155,2014,4
Dart,IssuesEvent,245,1137,2014,4
AGS Script,IssuesEvent,41,196,2014,4
Elm,ForkEvent,41,137,2014,4
Thrift,WatchEvent,2,48,2014,4
Papyrus,IssuesEvent,3,166,2014,4
Agda,WatchEvent,41,128,2014,4
OpenEdge ABL,ForkEvent,45,99,2014,4
BlitzBasic,WatchEvent,53,93,2014,4
Tcl,WatchEvent,114,222,2014,4
Idris,WatchEvent,38,193,2014,4
Bro,PushEvent,33,182,2014,4
Nemerle,WatchEvent,18,174,2014,4
GAMS,PushEvent,18,191,2014,4
REALbasic,PushEvent,23,131,2014,4
Red,IssuesEvent,1,32,2014,4
FLUX,PushEvent,34,200,2014,4
Visual Basic,IssuesEvent,155,772,2014,4
Nemerle,PushEvent,23,391,2014,4
DM,WatchEvent,69,194,2014,4
LiveScript,IssuesEvent,50,168,2014,4
Scilab,PushEvent,91,528,2014,4
D,IssuesEvent,176,706,2014,4
nesC,ForkEvent,39,101,2014,4
CSS,CreateEvent,391,396,2014,4
Brightscript,PushEvent,38,244,2014,4
LabVIEW,IssuesEvent,24,253,2014,4
Assembly,IssuesEvent,113,727,2014,4
DOT,ForkEvent,22,39,2014,4
XQuery,IssuesEvent,26,220,2014,4
Kotlin,ForkEvent,41,653,2014,4
Squirrel,ForkEvent,18,54,2014,4
Squirrel,PushEvent,66,457,2014,4
C,CreateEvent,140,141,2014,4
Bluespec,PushEvent,21,571,2014,4
Game Maker Language,IssuesEvent,23,134,2014,4
Tcl,IssuesEvent,49,214,2014,4
Prolog,IssuesEvent,81,362,2014,4
AutoIt,ForkEvent,28,49,2014,4
Cuda,ForkEvent,65,214,2014,4
VCL,WatchEvent,42,159,2014,4
SAS,WatchEvent,34,61,2014,4
XProc,PushEvent,14,114,2014,4
AutoIt,PushEvent,171,1253,2014,4
Gosu,ForkEvent,56,130,2014,4
Mathematica,ForkEvent,51,98,2014,4
EmberScript,IssuesEvent,3,7,2014,4
Ceylon,WatchEvent,16,28,2014,4
Parrot,PushEvent,13,208,2014,4
Awk,WatchEvent,34,134,2014,4
Logos,WatchEvent,189,463,2014,4
Nimrod,WatchEvent,63,384,2014,4
Isabelle,PushEvent,24,142,2014,4
ColdFusion,ForkEvent,147,247,2014,4
GDScript,ForkEvent,6,11,2014,4
Logos,ForkEvent,122,238,2014,4
IDL,IssuesEvent,29,315,2014,4
Ruby,CreateEvent,373,393,2014,4
Elixir,ForkEvent,239,606,2014,4
Tcl,ForkEvent,82,117,2014,4
DOT,PushEvent,43,423,2014,4
Swift,CreateEvent,172,176,2014,4
ASP,ForkEvent,171,227,2014,4
Apex,WatchEvent,135,321,2014,4
Python,CreateEvent,1051,1056,2014,4
Frege,ForkEvent,8,21,2014,4
xBase,PushEvent,41,1240,2014,4
PureScript,IssuesEvent,57,174,2014,4
ooc,PushEvent,57,609,2014,4
XQuery,ForkEvent,36,52,2014,4
IGOR Pro,PushEvent,13,105,2014,4
XML,ForkEvent,20,29,2014,4
XML,WatchEvent,23,37,2014,4
Xojo,PushEvent,22,246,2014,4
Ceylon,IssuesEvent,6,71,2014,4
COBOL,PushEvent,25,118,2014,4
ooc,ForkEvent,12,18,2014,4
XQuery,WatchEvent,55,87,2014,4
Standard ML,ForkEvent,54,96,2014,4
Apex,IssuesEvent,40,247,2014,4
Hy,PushEvent,29,301,2014,4
PigLatin,PushEvent,69,238,2014,4
VHDL,IssuesEvent,31,178,2014,4
JSONiq,PushEvent,6,938,2014,4
ColdFusion,IssuesEvent,46,263,2014,4
Apex,ForkEvent,104,209,2014,4
AppleScript,IssuesEvent,43,89,2014,4
Awk,IssuesEvent,8,29,2014,4
Monkey,PushEvent,47,196,2014,4
Nix,IssuesEvent,14,361,2014,4
KRL,PushEvent,5,594,2014,4
MoonScript,WatchEvent,27,129,2014,4
AutoHotkey,WatchEvent,169,441,2014,4
OpenSCAD,WatchEvent,83,173,2014,4
Nimrod,IssuesEvent,29,292,2014,4
LabVIEW,WatchEvent,27,30,2014,4
Frege,WatchEvent,7,219,2014,4
Lasso,PushEvent,52,241,2014,4
DOT,WatchEvent,27,60,2014,4
J,WatchEvent,9,50,2014,4
Coq,IssuesEvent,17,123,2014,4
XC,PushEvent,36,175,2014,4
Grammatical Framework,PushEvent,10,308,2014,4
Crystal,IssuesEvent,3,81,2014,4
Shell,CreateEvent,123,124,2014,4
PureScript,ForkEvent,78,173,2014,4
Assembly,CreateEvent,8,8,2014,4
Mercury,ForkEvent,18,54,2014,4
Papyrus,PushEvent,19,236,2014,4
Boo,PushEvent,33,131,2014,4
xBase,IssuesEvent,2,97,2014,4
GAP,ForkEvent,15,38,2014,4
Game Maker Language,ForkEvent,31,70,2014,4
ANTLR,WatchEvent,14,97,2014,4
Objective-J,WatchEvent,25,107,2014,4
NetLogo,IssuesEvent,7,63,2014,4
ooc,WatchEvent,11,27,2014,4
Bro,WatchEvent,41,124,2014,4
REALbasic,IssuesEvent,3,10,2014,4
SourcePawn,WatchEvent,61,135,2014,4
Nu,ForkEvent,3,4,2014,4
Alloy,PushEvent,4,16,2014,4
Smalltalk,ForkEvent,37,43,2014,4
BitBake,PushEvent,55,477,2014,4
Alloy,WatchEvent,4,5,2014,4
VCL,ForkEvent,14,61,2014,4
PureBasic,PushEvent,5,23,2014,4
Nu,PushEvent,13,71,2014,4
Agda,IssuesEvent,12,23,2014,4
Glyph,PushEvent,8,61,2014,4
AutoHotkey,IssuesEvent,44,193,2014,4
Self,WatchEvent,2,11,2014,4
Scheme,IssuesEvent,122,314,2014,4
SAS,ForkEvent,25,38,2014,4
ANTLR,ForkEvent,7,45,2014,4
Hy,WatchEvent,19,54,2014,4
Xtend,IssuesEvent,15,66,2014,4
Bison,IssuesEvent,5,43,2014,4
Chapel,ForkEvent,2,6,2014,4
Kotlin,IssuesEvent,27,115,2014,4
Logos,IssuesEvent,42,113,2014,4
nesC,IssuesEvent,13,62,2014,4
BlitzMax,PushEvent,21,210,2014,4
Ox,PushEvent,3,61,2014,4
M,WatchEvent,49,94,2014,4
NetLogo,WatchEvent,6,7,2014,4
Vala,ForkEvent,83,178,2014,4
Nemerle,IssuesEvent,4,12355,2014,4
OpenEdge ABL,IssuesEvent,16,96,2014,4
Game Maker Language,WatchEvent,28,153,2014,4
Augeas,PushEvent,17,111,2014,4
Objective-C++,IssuesEvent,57,216,2014,4
LSL,PushEvent,36,389,2014,4
SystemVerilog,IssuesEvent,8,35,2014,4
SuperCollider,IssuesEvent,10,45,2014,4
Objective-J,ForkEvent,27,40,2014,4
SQL,ForkEvent,42,70,2014,4
VCL,IssuesEvent,8,11,2014,4
PAWN,IssuesEvent,9,80,2014,4
Volt,PushEvent,10,19,2014,4
TeX,CreateEvent,75,75,2014,4
Factor,WatchEvent,8,45,2014,4
AppleScript,ForkEvent,61,113,2014,4
Fancy,WatchEvent,1,10,2014,4
Cycript,WatchEvent,2,13,2014,4
PigLatin,WatchEvent,19,29,2014,4
Objective-J,IssuesEvent,9,129,2014,4
Dylan,PushEvent,22,144,2014,4
Nimrod,ForkEvent,96,167,2014,4
Dylan,WatchEvent,14,26,2014,4
Scilab,IssuesEvent,4,37,2014,4
Frege,IssuesEvent,3,17,2014,4
Ecl,ForkEvent,1,3,2014,4
Inform 7,IssuesEvent,3,22,2014,4
Eiffel,ForkEvent,15,23,2014,4
Ada,WatchEvent,35,53,2014,4
Max,IssuesEvent,21,120,2014,4
Grace,IssuesEvent,1,12,2014,4
Racket,IssuesEvent,69,190,2014,4
AutoIt,WatchEvent,35,108,2014,4
Slash,WatchEvent,6,24,2014,4
Brightscript,ForkEvent,12,35,2014,4
CoffeeScript,CreateEvent,22,22,2014,4
Mercury,WatchEvent,23,110,2014,4
Eiffel,WatchEvent,15,18,2014,4
SuperCollider,WatchEvent,31,43,2014,4
Parrot,IssuesEvent,4,29,2014,4
LoomScript,PushEvent,5,93,2014,4
Arduino,CreateEvent,29,29,2014,4
Pure Data,ForkEvent,29,46,2014,4
LSL,ForkEvent,5,28,2014,4
Stata,IssuesEvent,17,78,2014,4
Squirrel,WatchEvent,38,78,2014,4
ABAP,WatchEvent,14,30,2014,4
LabVIEW,ForkEvent,15,30,2014,4
Chapel,WatchEvent,5,12,2014,4
J,PushEvent,19,178,2014,4
Nemerle,ForkEvent,7,18,2014,4
Awk,ForkEvent,21,32,2014,4
SuperCollider,ForkEvent,15,19,2014,4
Augeas,WatchEvent,5,15,2014,4
Slash,PushEvent,16,99,2014,4
VHDL,ForkEvent,116,151,2014,4
Max,ForkEvent,47,64,2014,4
Perl6,IssuesEvent,26,57,2014,4
SQL,IssuesEvent,11,34,2014,4
VimL,CreateEvent,26,26,2014,4
Zimpl,PushEvent,2,5,2014,4
Go,CreateEvent,10,10,2014,4
SystemVerilog,ForkEvent,21,29,2014,4
Racket,CreateEvent,13,13,2014,4
Rebol,WatchEvent,14,23,2014,4
Golo,PushEvent,5,54,2014,4
Ada,IssuesEvent,2,7,2014,4
Golo,WatchEvent,1,2,2014,4
BitBake,WatchEvent,6,10,2014,4
Delphi,ForkEvent,44,59,2014,4
EmberScript,ForkEvent,5,6,2014,4
Propeller Spin,WatchEvent,9,31,2014,4
Shen,PushEvent,2,58,2014,4
SAS,IssuesEvent,10,97,2014,4
Xojo,WatchEvent,8,11,2014,4
OpenSCAD,IssuesEvent,17,55,2014,4
SystemVerilog,WatchEvent,18,31,2014,4
M,IssuesEvent,21,98,2014,4
Mirah,PushEvent,6,69,2014,4
Augeas,ForkEvent,7,27,2014,4
XProc,WatchEvent,1,5,2014,4
Clean,WatchEvent,6,10,2014,4
PAWN,ForkEvent,16,32,2014,4
PAWN,WatchEvent,15,37,2014,4
PogoScript,WatchEvent,6,9,2014,4
Xtend,WatchEvent,20,61,2014,4
Opa,WatchEvent,2,2,2014,4
Inform 7,ForkEvent,8,28,2014,4
eC,PushEvent,3,7,2014,4
Component Pascal,WatchEvent,8,15,2014,4
HaXe,ForkEvent,21,28,2014,4
Bro,IssuesEvent,1,2,2014,4
Cycript,ForkEvent,1,2,2014,4
JSONiq,IssuesEvent,2,30,2014,4
Agda,ForkEvent,14,36,2014,4
Ecl,PushEvent,13,38,2014,4
Inform 7,WatchEvent,8,17,2014,4
Self,PushEvent,4,25,2014,4
COBOL,WatchEvent,7,20,2014,4
COBOL,ForkEvent,5,18,2014,4
ATS,IssuesEvent,4,16,2014,4
Brightscript,WatchEvent,20,52,2014,4
Forth,IssuesEvent,4,13,2014,4
wisp,ForkEvent,1,3,2014,4
Delphi,IssuesEvent,6,12,2014,4
Standard ML,IssuesEvent,18,66,2014,4
Ceylon,ForkEvent,6,9,2014,4
Processing,CreateEvent,19,19,2014,4
Mirah,WatchEvent,5,27,2014,4
RobotFramework,ForkEvent,1,1,2014,4
Eiffel,IssuesEvent,8,38,2014,4
ATS,WatchEvent,6,26,2014,4
DCPU-16 ASM,ForkEvent,1,1,2014,4
Arc,ForkEvent,4,9,2014,4
Io,WatchEvent,11,19,2014,4
APL,PushEvent,4,14,2014,4
Rebol,ForkEvent,12,17,2014,4
Scilab,WatchEvent,11,17,2014,4
Logos,CreateEvent,3,3,2014,4
Grace,PushEvent,1,18,2014,4
Pike,WatchEvent,7,7,2014,4
Rebol,IssuesEvent,5,23,2014,4
GAP,IssuesEvent,16,43,2014,4
Crystal,ForkEvent,3,19,2014,4
Smalltalk,WatchEvent,43,61,2014,4
GAP,WatchEvent,11,29,2014,4
Augeas,IssuesEvent,3,21,2014,4
Zimpl,WatchEvent,3,3,2014,4
Zimpl,ForkEvent,4,4,2014,4
OpenSCAD,CreateEvent,6,6,2014,4
Pan,IssuesEvent,4,12,2014,4
UnrealScript,WatchEvent,9,9,2014,4
Xojo,IssuesEvent,4,9,2014,4
Forth,ForkEvent,12,14,2014,4
Boo,ForkEvent,11,24,2014,4
eC,WatchEvent,3,4,2014,4
eC,ForkEvent,2,2,2014,4
Hy,ForkEvent,8,9,2014,4
Matlab,CreateEvent,25,25,2014,4
Forth,WatchEvent,14,20,2014,4
Propeller Spin,ForkEvent,9,24,2014,4
Turing,PushEvent,4,8,2014,4
Scilab,ForkEvent,15,24,2014,4
PogoScript,PushEvent,7,18,2014,4
LoomScript,WatchEvent,2,3,2014,4
Makefile,CreateEvent,8,8,2014,4
AutoIt,IssuesEvent,19,88,2014,4
Papyrus,ForkEvent,2,2,2014,4
Emacs Lisp,CreateEvent,7,7,2014,4
Lua,CreateEvent,17,17,2014,4
XC,WatchEvent,5,6,2014,4
ooc,IssuesEvent,2,6,2014,4
Coq,ForkEvent,31,48,2014,4
REALbasic,WatchEvent,5,10,2014,4
Ragel in Ruby Host,PushEvent,8,31,2014,4
Oz,IssuesEvent,1,3,2014,4
IGOR Pro,IssuesEvent,1,2,2014,4
Xtend,ForkEvent,15,21,2014,4
Volt,ForkEvent,1,1,2014,4
xBase,ForkEvent,5,6,2014,4
Dylan,IssuesEvent,6,9,2014,4
Parrot,ForkEvent,4,9,2014,4
Bluespec,ForkEvent,6,10,2014,4
Bro,ForkEvent,14,16,2014,4
Logtalk,WatchEvent,1,6,2014,4
Haskell,CreateEvent,12,12,2014,4
Idris,IssuesEvent,4,7,2014,4
Component Pascal,ForkEvent,5,7,2014,4
J,ForkEvent,4,5,2014,4
Grammatical Framework,ForkEvent,5,5,2014,4
Grammatical Framework,WatchEvent,5,13,2014,4
Clean,PushEvent,7,39,2014,4
Jasmin,PushEvent,4,11,2014,4
Cycript,PushEvent,7,15,2014,4
Glyph,WatchEvent,4,4,2014,4
Delphi,PushEvent,5,5,2014,4
Ada,ForkEvent,22,23,2014,4
MoonScript,ForkEvent,12,30,2014,4
Zephir,WatchEvent,12,38,2014,4
Scala,CreateEvent,9,9,2014,4
GDScript,WatchEvent,6,15,2014,4
Rouge,PushEvent,1,16,2014,4
DCPU-16 ASM,WatchEvent,3,3,2014,4
Oxygene,PushEvent,3,5,2014,4
Oxygene,WatchEvent,7,8,2014,4
E,PushEvent,2,4,2014,4
Oxygene,ForkEvent,5,5,2014,4
Nu,WatchEvent,3,8,2014,4
LOLCODE,PushEvent,3,24,2014,4
Squirrel,IssuesEvent,8,19,2014,4
Hack,ForkEvent,3,3,2014,4
Hack,WatchEvent,7,14,2014,4
UnrealScript,ForkEvent,14,14,2014,4
Stata,CreateEvent,2,2,2014,4
wisp,IssuesEvent,3,7,2014,4
Monkey,ForkEvent,6,6,2014,4
PigLatin,ForkEvent,8,9,2014,4
XProc,IssuesEvent,4,6,2014,4
Harbour,PushEvent,4,45,2014,4
Ragel in Ruby Host,WatchEvent,7,17,2014,4
RobotFramework,WatchEvent,18,29,2014,4
Isabelle,ForkEvent,4,4,2014,4
Opal,PushEvent,2,11,2014,4
TXL,PushEvent,1,9,2014,4
Dart,CreateEvent,4,4,2014,4
GDScript,IssuesEvent,2,11,2014,4
Cuda,CreateEvent,2,2,2014,4
XML,PushEvent,4,15,2014,4
Propeller Spin,IssuesEvent,2,8,2014,4
Boo,IssuesEvent,1,2,2014,4
Turing,WatchEvent,5,6,2014,4
Dylan,ForkEvent,8,10,2014,4
HaXe,PushEvent,4,6,2014,4
Zephir,ForkEvent,5,11,2014,4
SuperCollider,CreateEvent,52,52,2014,4
Rust,CreateEvent,7,7,2014,4
Brightscript,IssuesEvent,11,17,2014,4
PogoScript,IssuesEvent,1,1,2014,4
Gnuplot,IssuesEvent,2,3,2014,4
Turing,IssuesEvent,2,4,2014,4
Io,ForkEvent,11,17,2014,4
FLUX,ForkEvent,4,5,2014,4
KRL,WatchEvent,1,2,2014,4
Boo,WatchEvent,14,14,2014,4
Shen,IssuesEvent,1,1,2014,4
Scheme,CreateEvent,4,4,2014,4
Pure Data,IssuesEvent,9,17,2014,4
PowerShell,CreateEvent,5,5,2014,4
Bluespec,WatchEvent,3,10,2014,4
Dogescript,PushEvent,1,6,2014,4
FLUX,WatchEvent,5,7,2014,4
Opa,PushEvent,2,5,2014,4
M,CreateEvent,3,3,2014,4
Mathematica,CreateEvent,2,2,2014,4
CLIPS,ForkEvent,6,8,2014,4
LSL,WatchEvent,7,12,2014,4
REALbasic,ForkEvent,5,7,2014,4
LoomScript,ForkEvent,1,3,2014,4
AspectJ,WatchEvent,2,2,2014,4
AspectJ,ForkEvent,5,6,2014,4
ABAP,ForkEvent,10,13,2014,4
BlitzMax,WatchEvent,6,9,2014,4
Glyph,ForkEvent,1,1,2014,4
Zephir,IssuesEvent,3,9,2014,4
Fantom,ForkEvent,3,6,2014,4
Parrot,WatchEvent,6,10,2014,4
Component Pascal,IssuesEvent,2,5,2014,4
Red,ForkEvent,6,11,2014,4
FORTRAN,CreateEvent,3,3,2014,4
PogoScript,ForkEvent,3,3,2014,4
Arc,IssuesEvent,3,3,2014,4
DOT,IssuesEvent,4,5,2014,4
ANTLR,IssuesEvent,3,9,2014,4
Elixir,CreateEvent,2,2,2014,4
Harbour,IssuesEvent,1,1,2014,4
EmberScript,WatchEvent,2,2,2014,4
Monkey,WatchEvent,8,10,2014,4
Idris,ForkEvent,11,16,2014,4
F#,CreateEvent,2,2,2014,4
ASP,CreateEvent,1,1,2014,4
Ox,WatchEvent,4,5,2014,4
Ragel in Ruby Host,ForkEvent,4,6,2014,4
JSONiq,WatchEvent,5,5,2014,4
JSONiq,ForkEvent,2,2,2014,4
BlitzMax,ForkEvent,7,8,2014,4
Hy,IssuesEvent,7,14,2014,4
xBase,WatchEvent,5,6,2014,4
BlitzMax,IssuesEvent,2,3,2014,4
Fantom,IssuesEvent,1,1,2014,4
BitBake,ForkEvent,1,4,2014,4
Verilog,CreateEvent,2,2,2014,4
Groovy,CreateEvent,3,3,2014,4
Golo,ForkEvent,1,1,2014,4
Cap'n Proto,PushEvent,1,1,2014,4
Jasmin,WatchEvent,2,2,2014,4
XC,IssuesEvent,3,3,2014,4
Slash,IssuesEvent,1,4,2014,4
Cool,PushEvent,1,1,2014,4
Opal,IssuesEvent,1,1,2014,4
Isabelle,WatchEvent,5,8,2014,4
Standard ML,CreateEvent,2,2,2014,4
UnrealScript,IssuesEvent,1,9,2014,4
Cycript,IssuesEvent,2,2,2014,4
Mirah,IssuesEvent,1,5,2014,4
XSLT,CreateEvent,2,2,2014,4
D,CreateEvent,3,3,2014,4
Self,IssuesEvent,1,1,2014,4
Clojure,CreateEvent,1,1,2014,4
Fantom,WatchEvent,2,3,2014,4
Ioke,PushEvent,1,2,2014,4
Cirru,PushEvent,1,2,2014,4
Turing,ForkEvent,6,6,2014,4
Thrift,ForkEvent,2,6,2014,4
CLIPS,IssuesEvent,1,3,2014,4
HaXe,IssuesEvent,4,4,2014,4
KRL,IssuesEvent,1,2,2014,4
Papyrus,WatchEvent,2,3,2014,4
Clean,IssuesEvent,1,1,2014,4
XC,ForkEvent,5,5,2014,4
AutoHotkey,CreateEvent,3,3,2014,4
Erlang,CreateEvent,2,2,2014,4
Self,ForkEvent,2,3,2014,4
XProc,ForkEvent,2,2,2014,4
FLUX,IssuesEvent,1,1,2014,4
LOLCODE,ForkEvent,1,1,2014,4
LOLCODE,WatchEvent,1,1,2014,4
ATS,ForkEvent,2,5,2014,4
Max,CreateEvent,4,4,2014,4
Ox,ForkEvent,2,2,2014,4
PigLatin,IssuesEvent,1,1,2014,4
Xojo,CreateEvent,1,1,2014,4
Factor,ForkEvent,6,8,2014,4
Harbour,WatchEvent,1,1,2014,4
Xojo,ForkEvent,6,6,2014,4
Dogescript,WatchEvent,1,1,2014,4
COBOL,IssuesEvent,1,2,2014,4
Thrift,IssuesEvent,1,1,2014,4
Cirru,WatchEvent,1,3,2014,4
Cirru,ForkEvent,1,1,2014,4
VHDL,CreateEvent,2,2,2014,4
Hack,IssuesEvent,2,2,2014,4
Ecl,WatchEvent,1,1,2014,4
IGOR Pro,ForkEvent,9,9,2014,4
IGOR Pro,WatchEvent,8,8,2014,4
WebIDL,PushEvent,1,1,2014,4
Objective-C++,CreateEvent,3,3,2014,4
Opa,ForkEvent,1,3,2014,4
Volt,WatchEvent,1,4,2014,4
Clean,ForkEvent,1,1,2014,4
RobotFramework,CreateEvent,1,1,2014,4
Visual Basic,CreateEvent,1,1,2014,4
Opal,WatchEvent,1,3,2014,4
Perl6,CreateEvent,1,1,2014,4
LookML,ForkEvent,4,4,2014,4
LookML,WatchEvent,4,4,2014,4
Puppet,CreateEvent,1,1,2014,4
AGS Script,CreateEvent,1,1,2014,4
Grace,WatchEvent,2,2,2014,4
Grace,ForkEvent,2,2,2014,4
E,ForkEvent,1,1,2014,4
E,WatchEvent,1,1,2014,4
NetLogo,CreateEvent,1,1,2014,4
TypeScript,CreateEvent,1,1,2014,4
ActionScript,CreateEvent,1,1,2014,4
Nu,IssuesEvent,1,1,2014,4
Julia,CreateEvent,1,1,2014,4
Shen,ForkEvent,1,1,2014,4
Mirah,ForkEvent,1,1,2014,4
APL,WatchEvent,1,1,2014,4
Ox,IssuesEvent,1,1,2014,4
Chapel,IssuesEvent,1,1,2014,4
Logtalk,IssuesEvent,1,1,2014,4
PureBasic,WatchEvent,1,1,2014,4
